text,category
installation not connecting properly,Software
mouse keeps disconnecting,Hardware
portal stopped responding,Access
unable to access firewall,Network
data leak configuration error,Security
ip address issue occurred,Network
portal authentication failed,Access
malware not connecting properly,Security
virus failed unexpectedly,Security
wifi showing warning,Network
malware not loading,Security
email sending configuration error,Gmail
virus crash detected,Security
malware keeps disconnecting,Security
portal stopped responding,Access
authentication keeps disconnecting,Access
update stopped responding,Software
browser crash detected,Software
gmail verification authentication failed,Gmail
laptop error message displayed,Hardware
internet failed unexpectedly,Network
gmail password failed unexpectedly,Gmail
unable to access gmail storage,Gmail
permission crash detected,Access
security breach not loading,Security
gmail verification authentication failed,Gmail
server connection crash detected,Network
outlook showing warning,Software
gmail verification crash detected,Gmail
access showing warning,Access
portal issue occurred,Access
server connection not loading,Network
excel not loading,Software
installation failed unexpectedly,Software
ip address problem needs urgent fix,Network
wifi authentication failed,Network
firewall alert authentication failed,Security
laptop error message displayed,Hardware
permission stopped responding,Access
printer error message displayed,Hardware
unable to access dns,Network
unable to access gmail storage,Gmail
browser configuration error,Software
unable to access gmail login,Gmail
role issue occurred,Access
gmail verification not working,Gmail
printer configuration error,Hardware
battery error message displayed,Hardware
application not loading,Software
erp not working,Software
gmail verification configuration error,Gmail
internet keeps disconnecting,Network
excel keeps disconnecting,Software
firewall is very slow,Network
vpn issue occurred,Network
vpn not loading,Network
authentication stopped responding,Access
gmail verification error message displayed,Gmail
unable to access account,Access
gmail verification not working,Gmail
firewall not working,Network
laptop not connecting properly,Hardware
password problem needs urgent fix,Access
login not working,Access
email sending failed unexpectedly,Gmail
desktop failed unexpectedly,Hardware
otp authentication failed,Access
password not loading,Access
router authentication failed,Network
application not loading,Software
security breach not loading,Security
internet problem needs urgent fix,Network
motherboard showing warning,Hardware
ransomware not connecting properly,Security
account crash detected,Access
ransomware is very slow,Security
proxy authentication failed,Network
account error message displayed,Access
vpn error message displayed,Network
crm keeps disconnecting,Software
access stopped responding,Access
role not working,Access
otp not loading,Access
gmail storage is very slow,Gmail
internet not working,Network
ip address crash detected,Network
email receiving keeps disconnecting,Gmail
email receiving failed unexpectedly,Gmail
database crash detected,Software
ip address issue occurred,Network
firewall failed unexpectedly,Network
data leak error message displayed,Security
gmail password problem needs urgent fix,Gmail
suspicious activity error message displayed,Security
update not working,Software
unable to access excel,Software
browser authentication failed,Software
unable to access data leak,Security
unauthorized access is very slow,Security
authentication not loading,Access
email sending showing warning,Gmail
account failed unexpectedly,Access
unable to access gmail account,Gmail
permission configuration error,Access
access issue occurred,Access
data leak failed unexpectedly,Security
unable to access dns,Network
hard disk problem needs urgent fix,Hardware
crm configuration error,Software
ram keeps disconnecting,Hardware
otp showing warning,Access
gmail login stopped responding,Gmail
data leak configuration error,Security
printer problem needs urgent fix,Hardware
login not working,Access
threat detected not connecting properly,Security
unauthorized access keeps disconnecting,Security
monitor configuration error,Hardware
database keeps disconnecting,Software
printer not loading,Hardware
gmail account not working,Gmail
unauthorized access crash detected,Security
browser error message displayed,Software
proxy not working,Network
suspicious activity crash detected,Security
proxy authentication failed,Network
login error message displayed,Access
session stopped responding,Access
virus not working,Security
gmail account crash detected,Gmail
hard disk stopped responding,Hardware
keyboard is very slow,Hardware
laptop crash detected,Hardware
unable to access data leak,Security
proxy keeps disconnecting,Network
crm failed unexpectedly,Software
application keeps disconnecting,Software
account stopped responding,Access
security breach issue occurred,Security
gmail login issue occurred,Gmail
unable to access unauthorized access,Security
vpn showing warning,Network
gmail storage configuration error,Gmail
login keeps disconnecting,Access
lan issue occurred,Network
database stopped responding,Software
login is very slow,Access
motherboard failed unexpectedly,Hardware
vpn issue occurred,Network
crm problem needs urgent fix,Software
browser not working,Software
email sending is very slow,Gmail
ip address problem needs urgent fix,Network
account failed unexpectedly,Access
battery keeps disconnecting,Hardware
installation problem needs urgent fix,Software
printer not connecting properly,Hardware
monitor problem needs urgent fix,Hardware
role not working,Access
motherboard problem needs urgent fix,Hardware
mouse issue occurred,Hardware
erp issue occurred,Software
role showing warning,Access
application stopped responding,Software
gmail sync error message displayed,Gmail
gmail attachment showing warning,Gmail
unable to access role,Access
ip address crash detected,Network
motherboard not working,Hardware
gmail verification showing warning,Gmail
password authentication failed,Access
ram crash detected,Hardware
ransomware error message displayed,Security
crm authentication failed,Software
malware crash detected,Security
ram failed unexpectedly,Hardware
laptop showing warning,Hardware
permission problem needs urgent fix,Access
installation configuration error,Software
wifi failed unexpectedly,Network
authentication crash detected,Access
gmail storage configuration error,Gmail
application issue occurred,Software
unable to access gmail login,Gmail
firewall alert failed unexpectedly,Security
unable to access data leak,Security
gmail spam not connecting properly,Gmail
gmail login showing warning,Gmail
server connection not working,Network
router not connecting properly,Network
session failed unexpectedly,Access
unable to access gmail spam,Gmail
ransomware not working,Security
browser stopped responding,Software
authentication not loading,Access
excel keeps disconnecting,Software
firewall alert stopped responding,Security
unable to access gmail verification,Gmail
otp showing warning,Access
browser not working,Software
excel not connecting properly,Software
gmail verification issue occurred,Gmail
login configuration error,Access
gmail login authentication failed,Gmail
unable to access mouse,Hardware
unauthorized access crash detected,Security
firewall issue occurred,Network
permission is very slow,Access
firewall keeps disconnecting,Network
wifi error message displayed,Network
laptop is very slow,Hardware
email receiving showing warning,Gmail
router authentication failed,Network
ram is very slow,Hardware
vpn issue occurred,Network
data leak error message displayed,Security
virus keeps disconnecting,Security
authentication is very slow,Access
keyboard crash detected,Hardware
vpn failed unexpectedly,Network
email sending failed unexpectedly,Gmail
gmail account issue occurred,Gmail
gmail login keeps disconnecting,Gmail
security breach issue occurred,Security
vpn stopped responding,Network
suspicious activity problem needs urgent fix,Security
email receiving showing warning,Gmail
keyboard stopped responding,Hardware
permission keeps disconnecting,Access
hard disk configuration error,Hardware
gmail account issue occurred,Gmail
portal authentication failed,Access
unable to access laptop,Hardware
database not connecting properly,Software
gmail sync crash detected,Gmail
authentication not loading,Access
security breach not loading,Security
permission stopped responding,Access
ram showing warning,Hardware
ram crash detected,Hardware
desktop crash detected,Hardware
vpn stopped responding,Network
unauthorized access not working,Security
login configuration error,Access
server connection configuration error,Network
unable to access update,Software
ip address failed unexpectedly,Network
gmail account issue occurred,Gmail
portal stopped responding,Access
permission problem needs urgent fix,Access
data leak is very slow,Security
database keeps disconnecting,Software
unable to access excel,Software
monitor stopped responding,Hardware
gmail password authentication failed,Gmail
ransomware showing warning,Security
internet problem needs urgent fix,Network
malware failed unexpectedly,Security
gmail verification error message displayed,Gmail
keyboard issue occurred,Hardware
unable to access phishing,Security
router error message displayed,Network
excel showing warning,Software
unable to access ram,Hardware
ram not loading,Hardware
ip address showing warning,Network
ransomware not working,Security
proxy failed unexpectedly,Network
unable to access update,Software
erp error message displayed,Software
internet failed unexpectedly,Network
ransomware showing warning,Security
security breach issue occurred,Security
erp showing warning,Software
dns not loading,Network
database stopped responding,Software
gmail account issue occurred,Gmail
gmail account showing warning,Gmail
malware problem needs urgent fix,Security
firewall alert issue occurred,Security
browser problem needs urgent fix,Software
software authentication failed,Software
desktop showing warning,Hardware
login keeps disconnecting,Access
desktop keeps disconnecting,Hardware
session not connecting properly,Access
access not connecting properly,Access
suspicious activity issue occurred,Security
lan showing warning,Network
server connection not working,Network
laptop authentication failed,Hardware
printer error message displayed,Hardware
gmail storage keeps disconnecting,Gmail
vpn not working,Network
desktop not connecting properly,Hardware
crm stopped responding,Software
browser not connecting properly,Software
motherboard not connecting properly,Hardware
suspicious activity not connecting properly,Security
printer not connecting properly,Hardware
gmail attachment error message displayed,Gmail
phishing error message displayed,Security
erp error message displayed,Software
firewall crash detected,Network
wifi stopped responding,Network
battery issue occurred,Hardware
monitor not working,Hardware
suspicious activity not connecting properly,Security
desktop keeps disconnecting,Hardware
email receiving failed unexpectedly,Gmail
battery issue occurred,Hardware
software error message displayed,Software
unable to access router,Network
mouse failed unexpectedly,Hardware
software configuration error,Software
crm stopped responding,Software
ransomware error message displayed,Security
erp is very slow,Software
authentication crash detected,Access
login problem needs urgent fix,Access
erp stopped responding,Software
database authentication failed,Software
server connection not connecting properly,Network
battery not connecting properly,Hardware
unable to access unauthorized access,Security
ransomware stopped responding,Security
portal keeps disconnecting,Access
vpn not loading,Network
laptop is very slow,Hardware
battery crash detected,Hardware
mouse issue occurred,Hardware
unable to access installation,Software
dns keeps disconnecting,Network
email receiving error message displayed,Gmail
wifi stopped responding,Network
application error message displayed,Software
wifi not working,Network
wifi not connecting properly,Network
email receiving not loading,Gmail
excel not working,Software
gmail login keeps disconnecting,Gmail
proxy keeps disconnecting,Network
password not loading,Access
browser keeps disconnecting,Software
unable to access ip address,Network
application not connecting properly,Software
hard disk not loading,Hardware
database failed unexpectedly,Software
data leak stopped responding,Security
virus is very slow,Security
firewall alert not loading,Security
ip address not connecting properly,Network
account is very slow,Access
battery issue occurred,Hardware
installation showing warning,Software
email sending authentication failed,Gmail
malware showing warning,Security
printer failed unexpectedly,Hardware
email receiving error message displayed,Gmail
malware error message displayed,Security
internet keeps disconnecting,Network
email receiving stopped responding,Gmail
server connection not connecting properly,Network
gmail verification showing warning,Gmail
gmail login failed unexpectedly,Gmail
virus authentication failed,Security
keyboard problem needs urgent fix,Hardware
internet keeps disconnecting,Network
monitor keeps disconnecting,Hardware
virus crash detected,Security
browser issue occurred,Software
excel stopped responding,Software
permission issue occurred,Access
gmail sync not loading,Gmail
proxy configuration error,Network
server connection configuration error,Network
ransomware configuration error,Security
hard disk issue occurred,Hardware
permission crash detected,Access
wifi problem needs urgent fix,Network
dns not connecting properly,Network
application crash detected,Software
access configuration error,Access
router stopped responding,Network
erp not working,Software
ip address stopped responding,Network
battery not working,Hardware
application failed unexpectedly,Software
email receiving not loading,Gmail
unable to access vpn,Network
suspicious activity stopped responding,Security
desktop not loading,Hardware
application configuration error,Software
excel configuration error,Software
gmail password authentication failed,Gmail
proxy stopped responding,Network
browser keeps disconnecting,Software
authentication problem needs urgent fix,Access
account not connecting properly,Access
ram not working,Hardware
printer stopped responding,Hardware
motherboard keeps disconnecting,Hardware
password not connecting properly,Access
browser problem needs urgent fix,Software
excel failed unexpectedly,Software
database error message displayed,Software
ram not working,Hardware
router not connecting properly,Network
browser authentication failed,Software
unable to access keyboard,Hardware
gmail spam configuration error,Gmail
email sending error message displayed,Gmail
battery not loading,Hardware
lan issue occurred,Network
email sending showing warning,Gmail
application crash detected,Software
internet not loading,Network
desktop crash detected,Hardware
erp not connecting properly,Software
virus is very slow,Security
excel authentication failed,Software
session configuration error,Access
role issue occurred,Access
gmail spam failed unexpectedly,Gmail
crm configuration error,Software
ram is very slow,Hardware
internet stopped responding,Network
application is very slow,Software
session crash detected,Access
outlook failed unexpectedly,Software
gmail verification crash detected,Gmail
internet authentication failed,Network
unauthorized access not connecting properly,Security
unable to access software,Software
session configuration error,Access
gmail storage stopped responding,Gmail
keyboard stopped responding,Hardware
account crash detected,Access
gmail sync failed unexpectedly,Gmail
ip address configuration error,Network
gmail sync issue occurred,Gmail
gmail storage problem needs urgent fix,Gmail
printer is very slow,Hardware
dns crash detected,Network
motherboard authentication failed,Hardware
mouse failed unexpectedly,Hardware
monitor failed unexpectedly,Hardware
password crash detected,Access
ransomware not working,Security
gmail attachment keeps disconnecting,Gmail
mouse showing warning,Hardware
erp not working,Software
gmail storage stopped responding,Gmail
application authentication failed,Software
authentication stopped responding,Access
battery problem needs urgent fix,Hardware
gmail password crash detected,Gmail
password error message displayed,Access
installation keeps disconnecting,Software
gmail verification failed unexpectedly,Gmail
virus not connecting properly,Security
malware not loading,Security
email receiving not working,Gmail
mouse authentication failed,Hardware
firewall alert stopped responding,Security
firewall failed unexpectedly,Network
unable to access gmail spam,Gmail
unable to access password,Access
hard disk not working,Hardware
printer configuration error,Hardware
session authentication failed,Access
access not loading,Access
firewall alert is very slow,Security
database error message displayed,Software
dns error message displayed,Network
firewall alert stopped responding,Security
gmail login configuration error,Gmail
gmail sync problem needs urgent fix,Gmail
account error message displayed,Access
keyboard configuration error,Hardware
threat detected authentication failed,Security
installation authentication failed,Software
portal failed unexpectedly,Access
access crash detected,Access
email receiving keeps disconnecting,Gmail
proxy issue occurred,Network
authentication crash detected,Access
unauthorized access problem needs urgent fix,Security
database error message displayed,Software
desktop problem needs urgent fix,Hardware
erp crash detected,Software
gmail password authentication failed,Gmail
gmail password authentication failed,Gmail
dns failed unexpectedly,Network
motherboard failed unexpectedly,Hardware
ransomware not connecting properly,Security
ip address problem needs urgent fix,Network
permission is very slow,Access
printer stopped responding,Hardware
unable to access ip address,Network
phishing failed unexpectedly,Security
printer error message displayed,Hardware
data leak error message displayed,Security
suspicious activity authentication failed,Security
laptop failed unexpectedly,Hardware
router not working,Network
gmail spam stopped responding,Gmail
unauthorized access not working,Security
threat detected not connecting properly,Security
battery failed unexpectedly,Hardware
desktop configuration error,Hardware
gmail attachment not loading,Gmail
unable to access vpn,Network
unable to access lan,Network
malware not connecting properly,Security
gmail attachment authentication failed,Gmail
lan failed unexpectedly,Network
gmail storage showing warning,Gmail
threat detected failed unexpectedly,Security
email sending error message displayed,Gmail
unable to access monitor,Hardware
outlook issue occurred,Software
battery problem needs urgent fix,Hardware
ip address crash detected,Network
access not connecting properly,Access
installation not working,Software
security breach configuration error,Security
ransomware crash detected,Security
installation problem needs urgent fix,Software
browser failed unexpectedly,Software
browser showing warning,Software
authentication crash detected,Access
mouse showing warning,Hardware
email receiving configuration error,Gmail
software failed unexpectedly,Software
account configuration error,Access
access issue occurred,Access
proxy crash detected,Network
gmail sync stopped responding,Gmail
firewall alert stopped responding,Security
unauthorized access configuration error,Security
account configuration error,Access
desktop is very slow,Hardware
database crash detected,Software
wifi authentication failed,Network
gmail account configuration error,Gmail
browser not working,Software
unable to access desktop,Hardware
crm keeps disconnecting,Software
data leak crash detected,Security
gmail storage configuration error,Gmail
installation not connecting properly,Software
database keeps disconnecting,Software
ram stopped responding,Hardware
password not connecting properly,Access
data leak crash detected,Security
unable to access login,Access
server connection is very slow,Network
unauthorized access stopped responding,Security
lan showing warning,Network
authentication problem needs urgent fix,Access
account not working,Access
monitor not connecting properly,Hardware
suspicious activity problem needs urgent fix,Security
lan configuration error,Network
desktop error message displayed,Hardware
suspicious activity error message displayed,Security
internet authentication failed,Network
mouse authentication failed,Hardware
wifi not loading,Network
internet keeps disconnecting,Network
security breach authentication failed,Security
data leak showing warning,Security
database configuration error,Software
battery showing warning,Hardware
proxy crash detected,Network
unable to access login,Access
installation problem needs urgent fix,Software
router configuration error,Network
server connection showing warning,Network
role configuration error,Access
email sending configuration error,Gmail
monitor issue occurred,Hardware
virus keeps disconnecting,Security
monitor keeps disconnecting,Hardware
gmail verification is very slow,Gmail
update is very slow,Software
hard disk not working,Hardware
gmail account not loading,Gmail
vpn authentication failed,Network
permission stopped responding,Access
firewall crash detected,Network
login stopped responding,Access
motherboard showing warning,Hardware
access issue occurred,Access
ransomware keeps disconnecting,Security
motherboard failed unexpectedly,Hardware
login not connecting properly,Access
database error message displayed,Software
authentication not connecting properly,Access
unauthorized access authentication failed,Security
lan problem needs urgent fix,Network
proxy is very slow,Network
ram crash detected,Hardware
erp failed unexpectedly,Software
unauthorized access crash detected,Security
excel crash detected,Software
ram not working,Hardware
role error message displayed,Access
portal not connecting properly,Access
firewall is very slow,Network
firewall alert failed unexpectedly,Security
gmail attachment showing warning,Gmail
gmail password issue occurred,Gmail
excel stopped responding,Software
suspicious activity configuration error,Security
ransomware problem needs urgent fix,Security
email receiving showing warning,Gmail
wifi error message displayed,Network
outlook crash detected,Software
email sending crash detected,Gmail
firewall is very slow,Network
motherboard stopped responding,Hardware
router crash detected,Network
unable to access ip address,Network
dns failed unexpectedly,Network
unable to access installation,Software
vpn not loading,Network
internet is very slow,Network
threat detected failed unexpectedly,Security
ram issue occurred,Hardware
malware keeps disconnecting,Security
hard disk not working,Hardware
data leak keeps disconnecting,Security
proxy is very slow,Network
unable to access security breach,Security
mouse not loading,Hardware
ram error message displayed,Hardware
access not loading,Access
security breach not connecting properly,Security
phishing not connecting properly,Security
outlook not working,Software
keyboard showing warning,Hardware
malware not loading,Security
unauthorized access is very slow,Security
virus showing warning,Security
suspicious activity crash detected,Security
application not connecting properly,Software
router failed unexpectedly,Network
monitor showing warning,Hardware
outlook keeps disconnecting,Software
gmail storage is very slow,Gmail
battery problem needs urgent fix,Hardware
gmail login issue occurred,Gmail
internet not loading,Network
gmail login showing warning,Gmail
access is very slow,Access
gmail password not loading,Gmail
browser stopped responding,Software
laptop not loading,Hardware
portal configuration error,Access
otp showing warning,Access
outlook authentication failed,Software
login is very slow,Access
update keeps disconnecting,Software
software error message displayed,Software
security breach problem needs urgent fix,Security
browser configuration error,Software
email receiving issue occurred,Gmail
excel issue occurred,Software
ip address not loading,Network
security breach crash detected,Security
laptop crash detected,Hardware
hard disk showing warning,Hardware
installation not connecting properly,Software
router problem needs urgent fix,Network
unable to access database,Software
phishing issue occurred,Security
laptop is very slow,Hardware
desktop showing warning,Hardware
battery problem needs urgent fix,Hardware
unable to access gmail sync,Gmail
installation crash detected,Software
ip address not loading,Network
keyboard crash detected,Hardware
threat detected not connecting properly,Security
database failed unexpectedly,Software
internet not connecting properly,Network
role is very slow,Access
threat detected failed unexpectedly,Security
ram keeps disconnecting,Hardware
database is very slow,Software
email receiving crash detected,Gmail
lan is very slow,Network
unable to access role,Access
firewall alert not working,Security
email receiving not working,Gmail
vpn is very slow,Network
proxy not loading,Network
password keeps disconnecting,Access
server connection configuration error,Network
threat detected authentication failed,Security
vpn stopped responding,Network
portal not loading,Access
authentication problem needs urgent fix,Access
access error message displayed,Access
motherboard issue occurred,Hardware
firewall issue occurred,Network
battery failed unexpectedly,Hardware
session not connecting properly,Access
phishing error message displayed,Security
malware problem needs urgent fix,Security
ram failed unexpectedly,Hardware
dns authentication failed,Network
browser problem needs urgent fix,Software
desktop authentication failed,Hardware
account configuration error,Access
firewall alert problem needs urgent fix,Security
permission not connecting properly,Access
threat detected problem needs urgent fix,Security
otp not loading,Access
database not connecting properly,Software
application problem needs urgent fix,Software
browser authentication failed,Software
excel not loading,Software
keyboard keeps disconnecting,Hardware
unable to access firewall alert,Security
ram crash detected,Hardware
login authentication failed,Access
role showing warning,Access
proxy error message displayed,Network
printer problem needs urgent fix,Hardware
unable to access gmail spam,Gmail
gmail storage error message displayed,Gmail
data leak error message displayed,Security
ram failed unexpectedly,Hardware
laptop issue occurred,Hardware
unable to access browser,Software
unable to access ransomware,Security
ip address keeps disconnecting,Network
virus failed unexpectedly,Security
gmail account problem needs urgent fix,Gmail
account problem needs urgent fix,Access
email receiving authentication failed,Gmail
desktop issue occurred,Hardware
excel authentication failed,Software
otp is very slow,Access
access is very slow,Access
excel is very slow,Software
data leak is very slow,Security
data leak showing warning,Security
email receiving stopped responding,Gmail
server connection configuration error,Network
access not loading,Access
gmail sync not working,Gmail
session keeps disconnecting,Access
firewall alert crash detected,Security
ip address crash detected,Network
monitor not loading,Hardware
update authentication failed,Software
firewall alert not working,Security
gmail verification authentication failed,Gmail
crm is very slow,Software
hard disk configuration error,Hardware
data leak configuration error,Security
unable to access erp,Software
crm configuration error,Software
gmail password keeps disconnecting,Gmail
malware problem needs urgent fix,Security
keyboard configuration error,Hardware
firewall issue occurred,Network
portal issue occurred,Access
security breach stopped responding,Security
account not working,Access
battery not connecting properly,Hardware
account issue occurred,Access
erp is very slow,Software
excel not connecting properly,Software
malware not connecting properly,Security
password crash detected,Access
gmail account is very slow,Gmail
password not working,Access
role is very slow,Access
gmail storage not loading,Gmail
unauthorized access not connecting properly,Security
internet authentication failed,Network
gmail password stopped responding,Gmail
dns not loading,Network
update not working,Software
malware problem needs urgent fix,Security
role stopped responding,Access
otp is very slow,Access
gmail verification not loading,Gmail
account not working,Access
monitor problem needs urgent fix,Hardware
suspicious activity showing warning,Security
suspicious activity not working,Security
authentication not loading,Access
email receiving keeps disconnecting,Gmail
account not working,Access
gmail login failed unexpectedly,Gmail
router not working,Network
dns not loading,Network
portal authentication failed,Access
email sending not working,Gmail
mouse is very slow,Hardware
mouse stopped responding,Hardware
portal showing warning,Access
mouse not loading,Hardware
proxy authentication failed,Network
monitor problem needs urgent fix,Hardware
laptop not connecting properly,Hardware
vpn stopped responding,Network
threat detected error message displayed,Security
software is very slow,Software
keyboard keeps disconnecting,Hardware
otp not working,Access
excel error message displayed,Software
unable to access session,Access
security breach not working,Security
gmail account keeps disconnecting,Gmail
software not loading,Software
gmail password not connecting properly,Gmail
threat detected is very slow,Security
update authentication failed,Software
permission problem needs urgent fix,Access
data leak showing warning,Security
password stopped responding,Access
desktop keeps disconnecting,Hardware
gmail login error message displayed,Gmail
virus problem needs urgent fix,Security
router keeps disconnecting,Network
security breach stopped responding,Security
wifi keeps disconnecting,Network
outlook authentication failed,Software
desktop crash detected,Hardware
login problem needs urgent fix,Access
mouse authentication failed,Hardware
phishing showing warning,Security
permission stopped responding,Access
gmail attachment not loading,Gmail
crm crash detected,Software
login error message displayed,Access
internet configuration error,Network
firewall alert problem needs urgent fix,Security
internet keeps disconnecting,Network
hard disk problem needs urgent fix,Hardware
desktop not working,Hardware
unable to access account,Access
authentication keeps disconnecting,Access
ransomware failed unexpectedly,Security
firewall alert not loading,Security
desktop stopped responding,Hardware
dns is very slow,Network
server connection keeps disconnecting,Network
gmail password problem needs urgent fix,Gmail
account not loading,Access
battery not working,Hardware
server connection showing warning,Network
erp not loading,Software
password problem needs urgent fix,Access
wifi crash detected,Network
gmail verification not loading,Gmail
access not connecting properly,Access
excel problem needs urgent fix,Software
lan not connecting properly,Network
gmail password problem needs urgent fix,Gmail
unable to access gmail verification,Gmail
malware configuration error,Security
firewall alert failed unexpectedly,Security
threat detected showing warning,Security
firewall alert is very slow,Security
threat detected error message displayed,Security
gmail attachment is very slow,Gmail
permission issue occurred,Access
outlook configuration error,Software
role not connecting properly,Access
gmail password not loading,Gmail
role error message displayed,Access
ip address problem needs urgent fix,Network
excel not loading,Software
gmail sync failed unexpectedly,Gmail
wifi not loading,Network
authentication failed unexpectedly,Access
keyboard is very slow,Hardware
security breach crash detected,Security
portal not connecting properly,Access
ram failed unexpectedly,Hardware
crm not connecting properly,Software
gmail spam stopped responding,Gmail
motherboard configuration error,Hardware
server connection showing warning,Network
dns error message displayed,Network
malware is very slow,Security
threat detected error message displayed,Security
ram not connecting properly,Hardware
printer stopped responding,Hardware
unable to access role,Access
monitor failed unexpectedly,Hardware
security breach not working,Security
unauthorized access not connecting properly,Security
lan not connecting properly,Network
server connection keeps disconnecting,Network
unauthorized access authentication failed,Security
monitor failed unexpectedly,Hardware
gmail attachment not working,Gmail
update showing warning,Software
mouse showing warning,Hardware
gmail spam not connecting properly,Gmail
email receiving problem needs urgent fix,Gmail
laptop not loading,Hardware
browser keeps disconnecting,Software
update crash detected,Software
lan issue occurred,Network
firewall alert failed unexpectedly,Security
printer error message displayed,Hardware
erp not working,Software
unable to access ransomware,Security
ransomware keeps disconnecting,Security
portal error message displayed,Access
dns crash detected,Network
phishing not loading,Security
vpn issue occurred,Network
gmail spam showing warning,Gmail
proxy configuration error,Network
ram problem needs urgent fix,Hardware
crm keeps disconnecting,Software
software stopped responding,Software
battery keeps disconnecting,Hardware
permission keeps disconnecting,Access
ram keeps disconnecting,Hardware
authentication crash detected,Access
ransomware issue occurred,Security
desktop showing warning,Hardware
authentication crash detected,Access
unauthorized access not working,Security
lan stopped responding,Network
installation problem needs urgent fix,Software
security breach error message displayed,Security
wifi problem needs urgent fix,Network
laptop not loading,Hardware
battery failed unexpectedly,Hardware
firewall alert failed unexpectedly,Security
gmail verification stopped responding,Gmail
unauthorized access keeps disconnecting,Security
desktop keeps disconnecting,Hardware
wifi authentication failed,Network
proxy not working,Network
vpn not connecting properly,Network
desktop showing warning,Hardware
proxy error message displayed,Network
unauthorized access not working,Security
malware error message displayed,Security
internet keeps disconnecting,Network
desktop not loading,Hardware
hard disk failed unexpectedly,Hardware
motherboard not loading,Hardware
installation problem needs urgent fix,Software
security breach not connecting properly,Security
gmail password showing warning,Gmail
ram failed unexpectedly,Hardware
database configuration error,Software
malware authentication failed,Security
login showing warning,Access
threat detected failed unexpectedly,Security
crm authentication failed,Software
data leak issue occurred,Security
permission not loading,Access
unable to access phishing,Security
email receiving is very slow,Gmail
login not working,Access
firewall alert authentication failed,Security
printer is very slow,Hardware
account failed unexpectedly,Access
threat detected issue occurred,Security
gmail login is very slow,Gmail
lan authentication failed,Network
mouse is very slow,Hardware
email sending authentication failed,Gmail
update showing warning,Software
excel not connecting properly,Software
browser crash detected,Software
unable to access printer,Hardware
access not loading,Access
unable to access suspicious activity,Security
portal authentication failed,Access
portal configuration error,Access
gmail account not connecting properly,Gmail
gmail spam failed unexpectedly,Gmail
data leak showing warning,Security
gmail sync is very slow,Gmail
unable to access gmail storage,Gmail
permission problem needs urgent fix,Access
authentication keeps disconnecting,Access
update issue occurred,Software
email sending not connecting properly,Gmail
wifi failed unexpectedly,Network
application authentication failed,Software
gmail verification is very slow,Gmail
email sending authentication failed,Gmail
